"PRINTINV",".DCDC03-090372","1"
"LOADITEM",".DCDC03-090372","111222","6"
"LOADITEM",".DCDC03-090372","111444","6"
"LOADITEM",".DCDC03-090587","111888","1"
"UNLOADITEM",".DCDC03-090587","111888","1"
"PRINTINV",".DCDC03-090587","1"
"LOADITEM",".DCDC03-090372","111222","6"
"UNLOADITEM",".DCDC03-090372","111222","6"
"UNLOADITEM",".DCDC03-090372","111333","6"
"UNLOADITEM",".DCDC03-090372","111444","6"
"PRINTINV",".DCDC03-090372","1"
"LOADITEM",".DCDC03-090372","111222","6"
"UNLOADITEM",".DCDC03-090372","111222","6"
"UNLOADITEM",".DCDC03-090372","111333","6"
"UNLOADITEM",".DCDC03-090372","111444","6"
"PRINTINV",".DCDC03-090372","1"
"LOADITEM",".DCDC03-090372","111444","6"
"UNLOADITEM",".DCDC03-090372","111222","6"
"UNLOADITEM",".DCDC03-090372","111333","6"
"UNLOADITEM",".DCDC03-090372","111444","6"
"PRINTINV",".DCDC03-090372","1"
"LOADITEM",".DCDC03-090372","111222","1"
"LOADITEM",".DCDC03-090587","111888","6"
"UNLOADITEM",".DCDC03-090587","111888","6"
"PRINTINV",".DCDC03-090587","1"
"LOADITEM",".DCDC03-090372","111444","1"
"LOADITEM",".DCDC03-090372","111222","1"
"LOADITEM",".DCDC03-090372","111222","1"
"LOADITEM",".DCDC03-090372","111333","1"
"LOADITEM",".DCDC03-090372","111444","1"
"UNLOADITEM",".DCDC03-090372","111222","1"
"UNLOADITEM",".DCDC03-090372","111333","1"
"UNLOADITEM",".DCDC03-090372","111444","1"
"PRINTINV",".DCDC03-090372","1"
"LOADITEM",".DCDC03-090372","111222","1"
"UNLOADITEM",".DCDC03-090372","111222","1"
"UNLOADITEM",".DCDC03-090372","111333","1"
"UNLOADITEM",".DCDC03-090372","111444","1"
"PRINTINV",".DCDC03-090372","1"
"LOADITEM",".DCDC03-090372","111444","1"
"UNLOADITEM",".DCDC03-090372","111222","1"
"UNLOADITEM",".DCDC03-090372","111333","1"
"UNLOADITEM",".DCDC03-090372","111444","1"
"PRINTINV",".DCDC03-090372","1"
"LOADITEM",".DCDC03-090372","111222","1"
"LOADITEM",".DCDC03-090372","111333","1"
"LOADITEM",".DCDC03-090372","111222","1"
"LOADITEM",".DCDC03-090372","111222","1"
"LOADITEM",".DCDC03-090372","111444","1"
"LOADITEM",".DCDC03-090372","111444","1"
"LOADITEM",".DCDC03-090372","111444","1"
"LOADITEM",".DCDC03-090372","111222","1"
"UNLOADITEM",".DCDC03-090372","111222","1"
"UNLOADITEM",".DCDC03-090372","111333","1"
"UNLOADITEM",".DCDC03-090372","111444","1"
"PRINTINV",".DCDC03-090372","1"
"LOADITEM",".DCDC03-090372","111222","1"
"LOADITEM",".DCDC03-090372","111222","1"
"LOADITEM",".DCDC03-090372","111222","1"
"LOADITEM",".DCDC03-090372","111222","1"
"LOADITEM",".DCDC03-090372","111444","1"
"LOADITEM",".DCDC03-090372","111333","1"
"UNLOADITEM",".DCDC03-090372","111222","1"
"UNLOADITEM",".DCDC03-090372","111333","1"
"UNLOADITEM",".DCDC03-090372","111444","1"
"PRINTINV",".DCDC03-090372","1"
"LOADITEM",".DCDC03-090587","111888","6"
"UNLOADITEM",".DCDC03-090587","111888","6"
"PRINTINV",".DCDC03-090587","1"
"PRINTINV",".DCDC03-090569","1"
"LOADITEM",".DCDC03-090678","111999","1"
"UNLOADITEM",".DCDC03-090678","111999","1"
"PRINTINV",".DCDC03-090678","1"
"LOADITEM",".DCDC03-090372","111222","6"
"LOADITEM",".DCDC03-090587","111888","11"
"UNLOADITEM",".DCDC03-090587","111888","11"
"PRINTINV",".DCDC03-090587","1"
"LOADITEM",".DCDC03-090372","111222","1"
"LOADITEM",".DCDC03-090678","111999","6"
"UNLOADITEM",".DCDC03-090678","111999","6"
"PRINTINV",".DCDC03-090678","1"
"LOADITEM",".DCDC03-090372","111222","1"
"LOADITEM",".DCDC03-090678","111999","6"
"UNLOADITEM",".DCDC03-090678","111999","6"
"PRINTINV",".DCDC03-090678","1"
"LOADITEM",".DCDC03-090372","111222","1"
"UNLOADITEM",".DCDC03-090372","111222","1"
"UNLOADITEM",".DCDC03-090372","111333","1"
"UNLOADITEM",".DCDC03-090372","111444","1"
"PRINTINV",".DCDC03-090372","1"
"LOADITEM",".DCDC03-090678","111999","6"
"UNLOADITEM",".DCDC03-090678","111999","6"
"PRINTINV",".DCDC03-090678","1"
"UNLOADITEM",".DCDC03-090372","111222","1"
"UNLOADITEM",".DCDC03-090678","111999","6"
"LOADITEM",".DCDC03-090372","111222","1"
"UNLOADITEM",".DCDC03-090372","111222","1"
"UNLOADITEM",".DCDC03-090372","111333","1"
"UNLOADITEM",".DCDC03-090372","111444","1"
"PRINTINV",".DCDC03-090372","1"
"LOADITEM",".DCDC03-090372","111444","1"
"UNLOADITEM",".DCDC03-090372","111222","1"
"UNLOADITEM",".DCDC03-090372","111333","1"
"UNLOADITEM",".DCDC03-090372","111444","1"
"PRINTINV",".DCDC03-090372","1"
"UNLOADITEM",".DCDC03-090372","111222","1"
"UNLOADITEM",".DCDC03-090372","111444","1"
"LOADITEM",".DCDC03-090372","111222","1"
"LOADITEM",".DCDC03-090372","111222","1"
"LOADITEM",".DCDC03-090372","111333","1"
"LOADITEM",".DCDC03-090372","111222","1"
"LOADITEM",".DCDC03-090372","111222","1"
"LOADITEM",".DCDC03-090678","111999","6"
"UNLOADITEM",".DCDC03-090678","111999","6"
"PRINTINV",".DCDC03-090678","1"
"PRINTINV",".DCDC03-090678","1"
"LOADITEM",".DCDC03-090372","111333","1"
"LOADITEM",".DCDC03-090372","111444","1"
"LOADITEM",".DCDC03-090372","111222","1"
"LOADITEM",".DCDC03-090372","111333","1"
"LOADITEM",".DCDC03-090372","111444","1"
"LOADITEM",".DCDC03-090372","111222","1"
"LOADITEM",".DCDC03-090372","111222","1"
"LOADITEM",".DCDC03-090372","111333","1"
"LOADITEM",".DCDC03-090372","111444","1"
"UNLOADITEM",".DCDC03-090372","111222","1"
"UNLOADITEM",".DCDC03-090372","111333","1"
"UNLOADITEM",".DCDC03-090372","111444","1"
"PRINTINV",".DCDC03-090372","1"
"LOADITEM",".DCDC03-090372","111222","1"
"UNLOADITEM",".DCDC03-090372","111222","1"
"UNLOADITEM",".DCDC03-090372","111333","1"
"UNLOADITEM",".DCDC03-090372","111444","1"
"PRINTINV",".DCDC03-090372","1"
"LOADITEM",".DCDC03-090372","111444","1"
"UNLOADITEM",".DCDC03-090372","111222","1"
"UNLOADITEM",".DCDC03-090372","111333","1"
"UNLOADITEM",".DCDC03-090372","111444","1"
"PRINTINV",".DCDC03-090372","1"
"LOADITEM",".DCDC03-090372","111222","1"
"LOADITEM",".DCDC03-090372","111333","1"
"LOADITEM",".DCDC03-090372","111444","1"
"UNLOADITEM",".DCDC03-090372","111222","1"
"UNLOADITEM",".DCDC03-090372","111333","1"
"UNLOADITEM",".DCDC03-090372","111444","1"
"PRINTINV",".DCDC03-090372","1"
"LOADITEM",".DCDC03-090678","111999","6"
"UNLOADITEM",".DCDC03-090678","111999","6"
"PRINTINV",".DCDC03-090678","1"
"LOADITEM",".DCDC03-090372","111222","1"
"LOADITEM",".DCDC03-090372","111333","1"
"LOADITEM",".DCDC03-090372","111444","1"
"UNLOADITEM",".DCDC03-090372","111222","1"
"UNLOADITEM",".DCDC03-090372","111333","1"
"UNLOADITEM",".DCDC03-090372","111444","1"
"PRINTINV",".DCDC03-090372","1"
"LOADITEM",".DCDC03-090372","111222","1"
"LOADITEM",".DCDC03-090372","111333","1"
"LOADITEM",".DCDC03-090372","111444","1"
"UNLOADITEM",".DCDC03-090372","111222","1"
"UNLOADITEM",".DCDC03-090372","111333","1"
"UNLOADITEM",".DCDC03-090372","111444","1"
"PRINTINV",".DCDC03-090372","1"
"LOADITEM",".DCDC03-090372","111222","1"
"LOADITEM",".DCDC03-090372","111333","1"
"LOADITEM",".DCDC03-090372","111444","1"
"UNLOADITEM",".DCDC03-090372","111222","1"
"UNLOADITEM",".DCDC03-090372","111333","1"
"UNLOADITEM",".DCDC03-090372","111444","1"
"PRINTINV",".DCDC03-090372","1"
"LOADITEM",".DCDC03-090372","111222","1"
"LOADITEM",".DCDC03-090372","111444","1"
"LOADITEM",".DCDC03-090372","111333","1"
"UNLOADITEM",".DCDC03-090372","111222","1"
"UNLOADITEM",".DCDC03-090372","111333","1"
"UNLOADITEM",".DCDC03-090372","111444","1"
"PRINTINV",".DCDC03-090372","1"
"LOADITEM",".DCDC03-090372","111222","1"
"LOADITEM",".DCDC03-090372","111333","1"
"LOADITEM",".DCDC03-090372","111444","1"
"UNLOADITEM",".DCDC03-090372","111222","1"
"UNLOADITEM",".DCDC03-090372","111333","1"
"UNLOADITEM",".DCDC03-090372","111444","1"
"PRINTINV",".DCDC03-090372","1"
"LOADITEM",".DCDC03-090372","111222","1"
"LOADITEM",".DCDC03-090372","111333","1"
"LOADITEM",".DCDC03-090372","111444","1"
"UNLOADITEM",".DCDC03-090372","111222","1"
"UNLOADITEM",".DCDC03-090372","111333","1"
"UNLOADITEM",".DCDC03-090372","111444","1"
"PRINTINV",".DCDC03-090372","1"
"LOADITEM",".DCDC03-090372","111222","1"
"LOADITEM",".DCDC03-090372","111333","1"
"LOADITEM",".DCDC03-090372","111444","1"
"UNLOADITEM",".DCDC03-090372","111222","1"
"UNLOADITEM",".DCDC03-090372","111333","1"
"UNLOADITEM",".DCDC03-090372","111444","1"
"PRINTINV",".DCDC03-090372","1"
"LOADITEM",".DCDC03-090372","111222","1"
